{"cameraMode":{"drawMode":0,"name":"Shaded","section":"Shading Mode"},"sceneLighting":false,"audioPlay":false,"sceneViewState":{"showFog":true,"showMaterialUpdate":false,"showSkybox":true,"showFlares":true,"showImageEffects":true,"showParticleSystems":true},"in2DMode":false,"pivot":{"x":94.69182586669922,"y":0.8353356122970581,"z":53.508018493652347},"rotation":{"x":-0.0920628011226654,"y":0.9071336984634399,"z":-0.2696206867694855,"w":-0.3097380995750427},"size":4.139379501342773,"orthographic":false}