{"cameraMode":{"drawMode":0,"name":"Shaded","section":"Shading Mode"},"sceneLighting":false,"audioPlay":false,"sceneViewState":{"showFog":true,"showMaterialUpdate":false,"showSkybox":true,"showFlares":true,"showImageEffects":true,"showParticleSystems":true},"in2DMode":false,"pivot":{"x":-0.7463358044624329,"y":0.18454554677009583,"z":-1.5006550550460816},"rotation":{"x":0.07865527272224426,"y":0.5419790148735046,"z":-0.051045551896095279,"w":0.835144579410553},"size":1.5674763917922974,"orthographic":false}