{"cameraMode":{"drawMode":0,"name":"Shaded","section":"Shading Mode"},"sceneLighting":false,"audioPlay":false,"sceneViewState":{"showFog":true,"showMaterialUpdate":false,"showSkybox":true,"showFlares":true,"showImageEffects":true,"showParticleSystems":true},"in2DMode":false,"pivot":{"x":-0.7958440780639648,"y":-0.09355363249778748,"z":-1.8449385166168213},"rotation":{"x":0.08442623913288117,"y":0.8425146341323853,"z":-0.13847267627716065,"w":0.5136795043945313},"size":1.6199406385421754,"orthographic":false}