{"cameraMode":{"drawMode":0,"name":"Shaded","section":"Shading Mode"},"sceneLighting":false,"audioPlay":false,"sceneViewState":{"showFog":true,"showMaterialUpdate":false,"showSkybox":true,"showFlares":true,"showImageEffects":true,"showParticleSystems":true},"in2DMode":false,"pivot":{"x":-0.7200103402137756,"y":0.24764782190322877,"z":-1.0590815544128419},"rotation":{"x":-0.12120597064495087,"y":-0.4141243100166321,"z":0.05574733391404152,"w":-0.9003902077674866},"size":1.241671085357666,"orthographic":false}