{"cameraMode":{"drawMode":0,"name":"Shaded","section":"Shading Mode"},"sceneLighting":false,"audioPlay":false,"sceneViewState":{"showFog":true,"showMaterialUpdate":false,"showSkybox":true,"showFlares":true,"showImageEffects":true,"showParticleSystems":true},"in2DMode":false,"pivot":{"x":0.0,"y":0.5487074255943298,"z":-0.17475104331970216},"rotation":{"x":-0.22297178208827973,"y":-0.18063479661941529,"z":0.04208651930093765,"w":-0.9570179581642151},"size":8.521721839904786,"orthographic":false}